Statistiche Fantacalcio Stagione 2025 26;;;;;;;;;;;;;;;;;
Id;R;Rm;Nome;Squadra;Pv;Mv;Fm;Gf;Gs;Rp;Rc;R+;R-;Ass;Amm;Esp;Au
4431;P;Por;Carnesecchi;Atalanta;37;6,36;5,58;0;35;2;0;0;0;0;0;0;0
2170;P;Por;Milinkovic-Savic V.;Napoli;27;6,2;5,65;0;24;3;0;0;0;0;0;0;0
5841;P;Por;Svilar;Roma;38;6,26;5,45;0;31;0;0;0;0;0;0;0;0
6966;P;Por;Butez;Como;38;6,07;5,37;0;29;1;0;0;0;1;3;0;0
4312;P;Por;Maignan;Milan;37;6,26;5,42;0;35;2;0;0;0;0;4;0;0
5876;P;Por;Di Gregorio;Juventus;30;6,08;5,33;0;25;1;0;0;0;0;1;0;0
2134;P;Por;Falcone;Lecce;38;6,41;5,22;0;50;2;0;0;0;0;2;0;0
6462;P;Por;Okoye;Udinese;30;6,07;5,08;0;32;1;0;0;0;1;1;1;0
2428;P;Por;Sommer;Inter;33;5,92;5,02;0;30;0;0;0;0;0;0;0;0
4360;P;Por;Caprile;Cagliari;38;6,29;4,87;0;53;0;0;0;0;0;2;0;0
761;P;Por;Audero;Cremonese;34;6,21;4,91;0;50;2;0;0;0;0;0;0;0
2521;P;Por;De Gea;Fiorentina;37;6,24;5;0;49;1;0;0;0;0;0;0;0
4957;P;Por;Montipò;Verona;35;6,2;4,94;0;54;3;0;0;0;1;0;0;0
133;P;Por;Skorupski;Bologna;18;6,19;5,28;0;15;0;0;0;0;0;1;1;0
2814;P;Por;Provedel;Lazio;27;6,26;5,35;0;27;1;0;0;0;0;1;0;0
6641;P;Por;Suzuki;Parma;20;6,02;4,75;0;28;1;0;0;0;0;1;0;0
4236;P;Por;Muric;Sassuolo;32;6,08;4,77;0;43;1;0;0;0;0;4;0;0
7332;P;Por;Bijlow;Genoa;16;6,06;4,78;0;20;0;0;0;0;0;1;0;0
188;P;Por;Leali;Genoa;22;6,16;4,84;0;27;0;0;0;0;0;2;1;0
6662;P;Por;Corvi;Parma;17;6,18;5,09;0;18;0;0;0;0;0;1;0;0
5320;P;Por;Paleari;Torino;29;6,09;4,52;0;45;0;0;0;0;0;1;0;0
218;P;Por;Perin;Juventus;9;6,11;5,11;0;9;0;0;0;0;0;0;0;0
572;P;Por;Meret;Napoli;11;6,23;5,18;0;12;0;0;0;0;1;1;0;0
4867;P;Por;Turati;Sassuolo;6;6,17;5;0;7;0;0;0;0;0;0;0;0
2861;P;Por;Semper;Pisa;25;6,06;4,38;0;42;0;0;0;0;0;0;0;0
7172;P;Por;Pessina Mas.;Bologna;4;6,12;5,62;0;2;0;0;0;0;0;0;0;0
5116;P;Por;Martinez Jo.;Inter;5;6;5,2;0;4;0;0;0;0;0;0;0;0
7337;P;Por;Motta;Lazio;9;6;5,17;0;10;1;0;0;0;0;1;0;0
2722;P;Por;Ravaglia F.;Bologna;17;6,21;4,38;0;29;0;0;0;0;0;4;0;0
6417;P;Por;Furlanetto;Lazio;2;6,5;5;0;3;0;0;0;0;0;0;0;0
5135;P;Por;Guaita;Parma;0;0;0;0;0;0;0;0;0;0;0;0;0
6403;P;Por;Christensen O.;Fiorentina;1;7,5;6,5;0;1;0;0;0;0;0;0;0;0
2297;P;Por;Rossi F.;Atalanta;0;0;0;0;0;0;0;0;0;0;0;0;0
4;P;Por;Sportiello;Atalanta;1;5,5;4,5;0;1;0;0;0;0;0;0;0;0
4929;P;Por;Ciocci;Cagliari;0;0;0;0;0;0;0;0;0;0;0;0;0
3;P;Por;Radunovic;Cagliari;0;0;0;0;0;0;0;0;0;0;0;0;0
2809;P;Por;Vigorito;Como;0;0;0;0;0;0;0;0;0;0;0;0;0
6505;P;Por;Nava;Cremonese;0;0;0;0;0;0;0;0;0;0;0;0;0
6184;P;Por;Martinelli T.;Fiorentina;0;0;0;0;0;0;0;0;0;0;0;0;0
6991;P;Por;Siegrist;Genoa;0;0;0;0;0;0;0;0;0;0;0;0;0
219;P;Por;Sommariva;Genoa;2;5,75;3,75;0;4;0;0;0;0;0;0;0;0
1926;P;Por;Di Gennaro;Inter;1;6;5;0;1;0;0;0;0;0;0;0;0
1930;P;Por;Pinsoglio;Juventus;0;0;0;0;0;0;0;0;0;0;0;0;0
6482;P;Por;Mandas;Lazio;0;0;0;0;0;0;0;0;0;0;0;0;0
2401;P;Por;Fruchtl;Lecce;0;0;0;0;0;0;0;0;0;0;0;0;0
6523;P;Por;Samooja;Lecce;0;0;0;0;0;0;0;0;0;0;0;0;0
2815;P;Por;Terracciano;Milan;2;6;6;0;0;0;0;0;0;0;0;0;0
6813;P;Por;Torriani;Milan;0;0;0;0;0;0;0;0;0;0;0;0;0
2845;P;Por;Contini;Napoli;0;0;0;0;0;0;0;0;0;0;0;0;0
5338;P;Por;Rinaldi;Parma;1;7;6,5;0;0;0;0;0;0;0;1;0;0
2271;P;Por;Nicolas;Pisa;6;5,92;3,58;0;14;0;0;0;0;0;0;0;0
574;P;Por;Scuffet;Pisa;7;6,21;4,07;0;15;0;0;0;0;0;0;0;0
7169;P;Por;Zelezny;Roma;0;0;0;0;0;0;0;0;0;0;0;0;0
610;P;Por;Gollini;Roma;0;0;0;0;0;0;0;0;0;0;0;0;0
4518;P;Por;Russo A.;Sassuolo;0;0;0;0;0;0;0;0;0;0;0;0;0
2127;P;Por;Satalino;Sassuolo;0;0;0;0;0;0;0;0;0;0;0;0;0
216;P;Por;Donnarumma An.;Torino;0;0;0;0;0;0;0;0;0;0;0;0;0
7179;P;Por;Israel;Torino;9;5,89;3,83;0;18;0;0;0;0;0;1;0;0
6210;P;Por;Popa;Torino;0;0;0;0;0;0;0;0;0;0;0;0;0
543;P;Por;Padelli;Udinese;2;6,25;5,25;0;2;0;0;0;0;0;0;0;0
6842;P;Por;Sava;Udinese;7;5,57;3,5;0;14;0;0;0;0;0;1;0;0
511;P;Por;Perilli;Verona;3;6,17;3,83;0;7;0;0;0;0;0;0;0;0
6125;P;Por;Vasquez D.;Roma;0;0;0;0;0;0;0;0;0;0;0;0;0
7185;P;Por;Nunziante;Udinese;0;0;0;0;0;0;0;0;0;0;0;0;0
158;P;Por;Lezzerini;Fiorentina;0;0;0;0;0;0;0;0;0;0;0;0;0
2211;P;Por;Silvestri;Cremonese;4;6,38;4,62;0;7;0;0;0;0;0;0;0;0
7236;P;Por;Toniolo;Verona;0;0;0;0;0;0;0;0;0;0;0;0;0
7261;P;Por;Cavlina;Como;0;0;0;0;0;0;0;0;0;0;0;0;0
7285;P;Por;Ferrante;Napoli;0;0;0;0;0;0;0;0;0;0;0;0;0
7042;P;Por;Calligaris;Inter;0;0;0;0;0;0;0;0;0;0;0;0;0
7301;P;Por;Tornqvist;Como;0;0;0;0;0;0;0;0;0;0;0;0;0
6650;P;Por;Sherri;Cagliari;0;0;0;0;0;0;0;0;0;0;0;0;0
7363;P;Por;Siviero;Torino;0;0;0;0;0;0;0;0;0;0;0;0;0
7382;P;Por;Pannozzo;Lazio;0;0;0;0;0;0;0;0;0;0;0;0;0
7383;P;Por;Giacomone;Lazio;0;0;0;0;0;0;0;0;0;0;0;0;0
254;D;E;Dimarco;Inter;35;6,6;7,64;7;0;0;0;0;0;17;3;0;0
2788;D;Dc;Bremer;Juventus;26;6,33;6,81;4;0;0;0;0;0;3;5;0;0
5022;D;Dc;Pavlovic;Milan;34;6,24;6,62;5;0;0;0;0;0;0;4;0;0
6832;D;E;Palestra;Cagliari;37;6,27;6,42;1;0;0;0;0;0;4;3;0;0
6893;D;Dc;Kempf;Como;29;6,12;6,52;4;0;0;0;0;0;1;3;0;0
1852;D;"Ds;E";Spinazzola;Napoli;30;6,17;6,55;3;0;0;0;0;0;3;1;0;0
5526;D;Dc;Scalvini;Atalanta;24;6,06;6,44;3;0;0;0;0;0;1;2;0;0
6217;D;Dc;Bisseck;Inter;23;6,22;6,65;3;0;0;0;0;0;2;2;0;0
2296;D;Dc;Mancini;Roma;36;6,25;6,51;4;0;0;0;0;0;2;9;0;0
5750;D;Dc;Ostigard;Genoa;30;6,13;6,52;5;0;0;0;0;0;0;7;0;0
4976;D;"Dd;Dc";Kalulu;Juventus;37;6,14;6,35;2;0;0;0;0;0;4;2;1;0
4657;D;"B;Dd;E";Celik;Roma;32;6,17;6,27;1;0;0;0;0;0;2;2;1;0
7181;D;E;Wesley;Roma;30;6,12;6,47;5;0;0;0;0;0;0;5;2;0
6956;D;Dc;Solet;Udinese;34;6,18;6,4;3;0;0;1;1;0;1;1;0;1
2120;D;Dc;Bastoni;Inter;28;6,2;6,34;1;0;0;0;0;0;4;6;0;0
4807;D;Dc;Hermoso;Roma;27;6,17;6,41;3;0;0;0;0;0;2;9;0;0
6986;D;"B;Dd;E";Rensch;Roma;19;6,16;6,5;1;0;0;0;0;0;4;1;0;0
4159;D;Dc;Akanji;Inter;32;6,28;6,41;2;0;0;0;0;0;0;4;0;0
554;D;E;Zappacosta;Atalanta;35;6,06;6,3;3;0;0;0;0;0;1;3;0;0
5513;D;E;Dumfries;Inter;19;6,11;6,58;3;0;0;0;0;0;1;2;0;0
4317;D;Dc;N'Dicka;Roma;31;6,08;6,32;3;0;0;0;0;0;1;5;0;0
2160;D;E;Gosens;Fiorentina;25;5,92;6,28;3;0;0;0;0;0;1;2;0;0
5514;D;"Ds;Dc";Vasquez;Genoa;36;6,08;6,14;1;0;0;0;0;0;0;2;0;0
6766;D;"Ds;Dc";Kelly L.;Juventus;35;6,01;6,07;1;0;0;0;0;0;1;4;0;0
4409;D;Dc;Rrahmani;Napoli;21;6,24;6,45;2;0;0;0;0;0;0;3;0;0
5862;D;"Ds;E";Valeri;Parma;34;6,06;6,09;0;0;0;0;0;0;2;2;0;0
6485;D;"Dd;Dc";Kristensen T.;Udinese;28;5,98;6,23;3;0;0;0;0;0;0;4;0;0
7211;D;"Dd;E";Athekame;Milan;17;5,94;6,32;2;0;0;0;0;0;2;3;0;0
5678;D;"Dd;E";Holm;Juventus;16;6,09;6,44;1;0;0;0;0;0;4;1;1;0
4734;D;"Ds;E";Miranda J.;Bologna;31;6;6,1;1;0;0;0;0;0;3;6;0;0
4994;D;"Dd;E";Vojvoda;Como;27;6,02;6,24;2;0;0;0;0;0;1;2;0;0
6867;D;"Ds;E";Valle;Como;26;6,06;6,23;1;0;0;0;0;0;3;3;0;0
5885;D;E;Dodò;Fiorentina;36;5,99;6,03;1;0;0;0;0;0;2;7;0;0
2593;D;"Ds;E";Martin;Genoa;29;5,97;6,1;1;0;0;1;0;1;5;2;0;0
5877;D;"B;Ds;E";Carlos Augusto;Inter;28;6,12;6,16;1;0;0;0;0;0;1;6;0;0
6989;D;Dc;Tiago Gabriel;Lecce;36;6;6,01;2;0;0;0;0;0;0;7;0;1
4502;D;"Ds;E";Gallo;Lecce;37;5,95;5,99;0;0;0;0;0;0;3;3;0;0
6496;D;"Ds;E";Bartesaghi;Milan;31;5,97;6,05;2;0;0;0;0;0;0;3;0;1
6202;D;Dc;Beukema;Napoli;22;5,93;6,16;2;0;0;0;0;0;0;2;0;0
2816;D;"Dd;E";Di Lorenzo;Napoli;26;6,08;6,33;2;0;0;0;0;0;1;1;0;0
6664;D;"B;Dd;E";Delprato;Parma;35;5,91;6,01;2;0;0;0;0;0;0;5;0;0
4263;D;Dc;Kabasele;Udinese;28;5,98;6,18;3;0;0;0;0;0;0;5;1;0
6869;D;Dc;Ramon;Como;32;6,16;6,14;2;0;0;0;0;0;0;11;1;0
7220;D;"Dd;E";Belghali;Verona;26;6,1;6,21;2;0;0;0;0;0;0;6;0;0
5427;D;"Ds;E";Gutierrez;Napoli;21;5,98;6,17;1;0;0;0;0;0;1;0;0;0
7329;D;"Ds;E";Obrador;Torino;16;6,06;6,41;1;0;0;0;0;0;3;1;0;0
6066;D;"Dd;Dc";Posch;Como;8;6,06;6,38;1;0;0;0;0;0;0;1;0;0
4210;D;Dc;Mina;Cagliari;26;6;6,17;2;0;0;0;0;0;1;3;1;0
5435;D;"Ds;E";Moreno Alb.;Como;16;6,06;6,38;2;0;0;0;0;0;1;4;0;0
5520;D;E;Cambiaso;Juventus;36;5,81;5,99;3;0;0;0;0;0;4;3;1;2
5835;D;Dc;Baschirotto;Cremonese;29;5,95;6,12;2;0;0;0;0;0;0;2;0;0
7143;D;"Ds;E";Angori;Pisa;35;5,91;5,94;0;0;0;0;0;0;2;2;0;0
6642;D;Dc;Coco;Torino;35;5,84;5,91;1;0;0;0;0;0;1;3;0;0
7219;D;E;Bernasconi;Atalanta;22;6,09;6,16;0;0;0;0;0;0;3;3;0;0
393;D;Dc;Luperto;Cremonese;34;5,84;5,9;1;0;0;0;0;0;1;4;0;0
4433;D;E;Zortea;Bologna;28;5,86;5,89;0;0;0;0;0;0;2;2;0;0
4177;D;"Dd;Dc";Pavard;Inter;1;6,5;6,5;0;0;0;0;0;0;0;0;0;0
5833;D;Dc;Gila;Lazio;31;6,03;5,95;0;0;0;0;0;0;0;3;1;0
460;D;Dc;Romagnoli;Lazio;32;6,03;5,92;0;0;0;0;0;0;0;5;1;0
2188;D;"Dd;Ds;E";Marusic;Lazio;33;5,86;5,97;1;0;0;0;0;0;2;1;1;0
4751;D;Dc;Tomori;Milan;32;5,97;5,88;0;0;0;0;0;0;1;6;1;0
2724;D;Dc;Buongiorno;Napoli;32;5,89;5,88;0;0;0;0;0;0;1;3;0;0
6663;D;Dc;Circati;Parma;31;5,92;5,92;1;0;0;0;0;0;0;6;0;0
7155;D;Dc;Muharemovic;Sassuolo;32;5,91;5,89;2;0;0;0;0;0;1;7;0;2
4665;D;Dc;Maripan;Torino;26;5,94;6,1;2;0;0;0;0;0;0;4;0;0
6631;D;Dc;Ghilardi;Roma;21;5,98;5,95;0;0;0;0;0;0;0;1;0;0
6480;D;"Dd;E";Tchatchoua;Verona;0;0;0;0;0;0;0;0;0;0;0;0;0
6672;D;Dc;Idzes;Sassuolo;35;5,94;5,9;0;0;0;0;0;0;0;3;0;0
4137;D;Dc;Diego Carlos;Como;25;6,14;6,1;1;0;0;0;0;0;0;8;0;0
6550;D;"B;Ds;E";Garcia U.;Sassuolo;12;6,17;6,46;1;0;0;0;0;0;2;3;0;0
787;D;Dc;Djimsiti;Atalanta;33;5,86;5,8;0;0;0;0;0;0;0;4;0;0
2640;D;"B;Ds;E";Kolasinac;Atalanta;17;6,03;5,94;0;0;0;0;0;0;0;3;0;0
6042;D;Dc;Lucumì;Bologna;28;5,88;5,89;1;0;0;0;0;0;0;5;0;0
5701;D;"Ds;Dc";Obert;Cagliari;34;5,88;5,82;0;0;0;0;0;0;3;8;1;0
6660;D;Dc;Marcandalli;Genoa;31;5,87;5,84;0;0;0;0;0;0;1;4;0;0
6814;D;"Dd;E";Norton-Cuffy;Genoa;27;5,93;6,09;2;0;0;0;0;0;1;3;1;0
7012;D;Dc;Provstgaard;Lazio;23;5,91;5,85;0;0;0;0;0;0;0;3;0;0
5812;D;"Dd;Ds;E";Terracciano F.;Cremonese;35;5,86;5,83;2;0;0;0;0;0;0;6;0;2
6887;D;Dc;Leoni;Parma;0;0;0;0;0;0;0;0;0;0;0;0;0
4772;D;E;Angelino;Roma;6;5,83;5,67;0;0;0;0;0;0;0;2;0;0
6426;D;"Dd;E";Pedersen;Torino;28;5,84;5,96;1;0;0;0;0;0;2;3;0;0
6047;D;"Dd;E";Ehizibue;Udinese;26;5,83;5,96;2;0;0;0;0;0;0;5;0;0
6639;D;"Ds;E";Frese;Verona;31;5,84;5,84;2;0;0;0;0;0;0;8;0;1
6046;D;Dc;Hien;Atalanta;28;5,91;5,86;1;0;0;0;0;0;0;5;0;1
5578;D;"Dd;Dc";Kossounou;Atalanta;16;5,94;6,09;1;0;0;0;0;0;0;1;0;0
4887;D;E;Bellanova;Atalanta;22;5,82;5,82;0;0;0;0;0;0;1;2;0;0
4461;D;"B;Dd;E";Zappa;Cagliari;25;5,9;5,98;0;0;0;0;0;0;3;2;0;0
7014;D;"Dd;Dc";Smolcic I.;Como;25;5,96;5,84;0;0;0;0;0;0;1;8;0;0
6013;D;"Dd;Ds;E";Barbieri;Cremonese;26;5,98;5,87;0;0;0;0;0;0;1;8;0;0
4378;D;"Ds;Dc";Ranieri L.;Fiorentina;31;5,85;5,79;1;0;0;0;0;0;0;8;1;0
5449;D;E;Parisi;Fiorentina;23;6,02;5,98;1;0;0;0;0;0;1;6;0;1
5739;D;"Dd;Dc";De Winter;Milan;24;5,75;5,9;1;0;0;0;0;0;1;1;0;0
6039;D;"B;Ds;E";Cabal;Juventus;9;5,94;6,56;2;0;0;0;0;0;0;1;0;0
7175;D;E;Joao Mario;Bologna;14;5,79;6;1;0;0;0;0;0;1;2;0;0
5620;D;"Ds;E";Tavares N.;Lazio;22;5,91;5,8;0;0;0;0;0;0;0;5;0;0
5527;D;"Dd;E";Zanoli;Udinese;19;6,05;6,29;1;0;0;0;0;0;2;1;0;0
2273;D;Dc;Caracciolo A.;Pisa;35;5,8;5,77;2;0;0;0;0;0;0;10;0;1
5010;D;Dc;Ismajli;Torino;24;5,92;5,9;0;0;0;0;0;0;2;5;0;0
5555;D;"Ds;E";Kamara H.;Udinese;26;5,88;5,87;0;0;0;0;0;0;2;5;0;0
5532;D;"Ds;E";Bradaric;Verona;29;5,81;5,84;0;0;0;0;0;0;2;2;0;0
7240;D;Dc;Siebert;Lecce;19;5,68;5,76;1;0;0;0;0;0;0;3;0;0
7352;D;Dc;Edmundsson;Verona;15;5,97;5,73;0;0;0;0;0;0;0;3;0;1
7125;D;"Ds;E";Idrissi R.;Cagliari;17;5,82;6,09;2;0;0;0;0;0;0;3;0;0
6230;D;Dc;Dossena;Cagliari;11;5,82;5,68;0;0;0;0;0;0;1;5;0;0
6896;D;"Dd;E";Van Der Brempt;Como;14;5,96;5,96;0;0;0;0;0;0;1;2;0;0
7131;D;"Dd;E";Floriani Mussolini;Cremonese;23;5,72;5,72;0;0;0;0;0;0;1;2;0;0
5603;D;Dc;Pongracic;Fiorentina;35;5,84;5,67;0;0;0;0;0;0;0;12;0;0
513;D;Dc;Acerbi;Inter;16;6,03;5,94;0;0;0;0;0;0;0;3;0;0
5831;D;Dc;Gatti;Juventus;16;5,94;6,22;2;0;0;0;0;0;0;3;0;0
2728;D;"Ds;E";Pellegrini Lu.;Lazio;24;5,85;5,81;1;0;0;0;0;0;0;8;0;0
6990;D;"Dd;E";Veiga D.;Lecce;36;5,82;5,69;0;0;0;0;0;0;0;9;0;0
4401;D;Dc;Gabbia;Milan;29;5,91;5,84;0;0;0;0;0;0;0;4;0;0
6531;D;"Dd;Ds;E";Jimenez A.;Milan;1;5,5;5;0;0;0;0;0;0;0;1;0;0
5840;D;"Ds;E";Olivera;Napoli;22;5,75;5,68;0;0;0;0;0;0;0;3;0;0
5307;D;Dc;Valenti;Parma;27;5,96;5,83;0;0;0;0;0;0;0;7;0;0
7139;D;Dc;Canestrelli;Pisa;37;5,69;5,72;1;0;0;0;0;0;0;4;0;0
4374;D;"Dd;Dc";Walukiewicz;Sassuolo;34;5,81;5,74;0;0;0;0;0;0;1;7;0;0
5820;D;Dc;Bertola;Udinese;25;5,86;5,84;0;0;0;0;0;0;1;3;0;0
5994;D;"Ds;Dc";Ebosse;Torino;16;5,75;5,72;0;0;0;0;0;0;1;4;0;0
697;D;E;Cuadrado;Pisa;15;6,03;6,13;1;0;0;1;1;0;0;3;0;0
7018;D;Dc;Nelsson;Verona;37;5,68;5,57;0;0;0;0;0;0;0;4;0;1
7235;D;Dc;Troilo;Parma;21;5,79;5,71;1;0;0;0;0;0;0;5;2;0
7274;D;Dc;Zè Pedro;Cagliari;22;5,77;5,68;0;0;0;0;0;0;1;6;0;0
6916;D;"B;Ds;E";Ahanor;Atalanta;21;5,79;5,69;0;0;0;0;0;0;0;2;1;0
7068;D;Dc;Vitik;Bologna;18;5,94;5,86;0;0;0;0;0;0;0;3;0;0
612;D;Dc;Bianchetti;Cremonese;27;5,72;5,69;0;0;0;0;0;0;1;4;0;0
7130;D;Dc;Folino;Cremonese;11;5,77;6,05;1;0;0;0;0;0;0;0;0;0
770;D;"Ds;E";Pezzella Giu.;Cremonese;31;5,68;5,55;0;0;0;0;0;0;1;8;1;0
6495;D;Dc;Comuzzo;Fiorentina;24;5,75;5,75;1;0;0;0;0;0;0;2;0;1
6055;D;Dc;Thiaw;Milan;0;0;0;0;0;0;0;0;0;0;0;0;0
256;D;"Ds;Dc";Juan Jesus;Napoli;21;5,86;5,62;0;0;0;0;0;0;0;8;1;0
5481;D;"Dd;Ds;E";Mazzocchi;Napoli;9;5,94;5,94;0;0;0;0;0;0;1;0;1;0
7020;D;E;Salah-Eddine;Roma;0;0;0;0;0;0;0;0;0;0;0;0;0
5851;D;"Ds;E";Doig;Sassuolo;27;5,85;5,76;0;0;0;0;0;0;0;5;0;0
4385;D;"Dd;E";Lazaro;Torino;30;5,7;5,7;0;0;0;0;0;0;2;4;0;0
6894;D;Dc;Unai Nunez;Verona;17;5,85;5,59;0;0;0;0;0;0;0;5;0;1
6992;D;"B;Dd;E";Oyegoke;Verona;10;5,8;5,7;0;0;0;0;0;0;0;2;0;0
7212;D;"Ds;Dc";Heggem;Bologna;25;5,84;5,8;0;0;0;0;0;0;0;0;1;0
7255;D;"Dd;Ds;E";Britschgi;Parma;28;5,75;5,7;0;0;0;0;0;0;2;5;1;0
7268;D;"Ds;Dc";Rodriguez Ju.;Cagliari;16;5,62;5,72;1;0;0;0;0;0;0;3;0;0
6665;D;"Dd;Ds;E";Coulibaly W.;Sassuolo;18;5,69;5,64;0;0;0;0;0;0;0;2;0;0
4982;D;Dc;Erlic;Bologna;0;0;0;0;0;0;0;0;0;0;0;0;0
487;D;"Dd;E";De Silvestri;Bologna;10;6,05;5,95;0;0;0;0;0;0;0;2;0;0
6231;D;"Ds;E";Azzi;Cremonese;0;0;0;0;0;0;0;0;0;0;0;0;0
6245;D;"Dd;Dc";Vogliacco;Genoa;0;0;0;0;0;0;0;0;0;0;0;0;0
791;D;"Dd;Ds;E";Sabelli;Genoa;13;5,81;5,65;0;0;0;0;0;0;0;0;0;1
322;D;Dc;De Vrij;Inter;8;6,12;6,06;0;0;0;0;0;0;0;1;0;0
2525;D;"B;Dd;E";Darmian;Inter;5;6;6;0;0;0;0;0;0;0;0;0;0
6802;D;"B;Dd;E";Savona;Juventus;0;0;0;0;0;0;0;0;0;0;0;0;0
327;D;"Dd;Dc";Patric;Lazio;10;5,85;5,75;0;0;0;0;0;0;0;2;0;0
2263;D;"Dd;E";Lazzari;Lazio;17;5,79;5,74;0;0;0;0;0;0;0;2;0;0
6809;D;Dc;Marianucci;Torino;11;5,73;5,73;0;0;0;0;0;0;1;2;0;0
5353;D;Dc;Balogh;Parma;0;0;0;0;0;0;0;0;0;0;0;0;0
2745;D;"B;Dd;E";Calabresi;Pisa;25;5,74;5,58;0;0;0;0;0;0;0;8;0;0
6533;D;Dc;Giannetti L.;Udinese;0;0;0;0;0;0;0;0;0;0;0;0;0
6211;D;"Ds;E";Zemura;Udinese;15;5,87;5,77;0;0;0;0;0;0;0;3;0;0
6957;D;Dc;Valentini N.;Verona;19;5,79;5,58;0;0;0;0;0;0;0;6;1;0
7253;D;Dc;Bella-Kotchap;Verona;18;5,83;5,75;0;0;0;0;0;0;0;3;0;0
5168;D;"Ds;E";Tsimikas;Roma;13;5,73;5,69;0;0;0;0;0;0;0;1;0;0
7335;D;Dc;Zatterstrom;Genoa;2;6;6;0;0;0;0;0;0;0;0;0;0
6149;D;"Ds;E";Carboni F.;Parma;2;6;6;0;0;0;0;0;0;0;0;0;0
7353;D;Dc;Pedro Felipe;Sassuolo;2;5,75;6,25;0;0;0;0;0;0;1;0;0;0
6444;D;Dc;Bonfanti;Pisa;9;5,61;5,56;0;0;0;0;0;0;0;1;0;0
2653;D;"Ds;E";Lykogiannis;Bologna;8;5,62;5,56;0;0;0;0;0;0;1;3;0;0
5406;D;"Dd;E";Di Pardo;Cagliari;1;5,5;5,5;0;0;0;0;0;0;0;0;0;0
6944;D;"Ds;Dc";Jack;Como;0;0;0;0;0;0;0;0;0;0;0;0;0
5860;D;Dc;Ravanelli;Cremonese;0;0;0;0;0;0;0;0;0;0;0;0;0
4904;D;Dc;Marì;Fiorentina;10;5,45;5,3;0;0;0;0;0;0;0;3;0;0
5718;D;Dc;Viti;Fiorentina;6;5,58;5,33;0;0;0;0;0;0;0;1;1;0
7069;D;E;Fortini;Fiorentina;12;5,96;5,96;0;0;0;0;0;0;0;0;0;0
6977;D;Dc;Otoa;Genoa;10;5,6;5,35;0;0;0;0;0;0;0;1;0;1
294;D;Dc;Rugani;Fiorentina;8;5,69;5,56;0;0;0;0;0;0;0;2;0;0
6632;D;Dc;Gaspar K.;Lecce;21;5,83;5,64;0;0;0;0;0;0;0;6;1;0
6883;D;Dc;Jean;Lecce;5;5,8;5,7;0;0;0;0;0;0;0;1;0;0
5273;D;"Ds;E";Estupinan;Milan;14;5,64;5,71;1;0;0;0;0;0;1;5;1;0
6821;D;"Dd;E";Hainaut;Parma;0;0;0;0;0;0;0;0;0;0;0;0;0
6965;D;"Ds;E";Lovik;Parma;6;5,58;5,58;0;0;0;0;0;0;0;0;0;0
6411;D;Dc;Mateus Lusuardi;Pisa;3;5,83;5,67;0;0;0;0;0;0;0;1;0;0
7141;D;"Dd;Dc";Rus;Pisa;0;0;0;0;0;0;0;0;0;0;0;0;0
4495;D;Dc;Kumbulla;Roma;0;0;0;0;0;0;0;0;0;0;0;0;0
6189;D;"Dd;E";Missori;Sassuolo;0;0;0;0;0;0;0;0;0;0;0;0;0
49;D;"B;Ds;E";Masina;Torino;4;5,38;5,62;0;0;0;0;0;0;1;0;0;0
252;D;"Ds;E";Biraghi;Torino;11;5,59;5,59;0;0;0;0;0;0;0;0;0;0
6925;D;Dc;Palma;Udinese;4;5,5;5,5;0;0;0;0;0;0;0;0;0;0
7011;D;Dc;Slotsager;Verona;6;5,75;5,75;0;0;0;0;0;0;0;0;0;0
7202;D;Dc;Ndiaye;Parma;11;5,59;5,36;0;0;0;0;0;0;0;3;1;0
6537;D;"Dd;Dc";Goglichidze;Udinese;6;5,75;5,58;0;0;0;0;0;0;0;2;0;0
7222;D;"Dd;Ds;E";Cham;Verona;3;5,17;5,17;0;0;0;0;0;0;0;0;0;0
7260;D;Dc;Ziolkowski;Roma;9;5,94;5,78;0;0;0;0;0;0;0;3;0;0
5156;D;"Ds;E";Nkounkou;Torino;8;5,81;5,81;0;0;0;0;0;0;1;3;0;0
7312;D;"Ds;E";Arizala;Udinese;5;5,8;5,8;0;0;0;0;0;0;0;0;0;0
7326;D;"Dd;Dc";Helland;Bologna;6;5,5;5,33;0;0;0;0;0;0;0;2;0;0
2006;D;"B;Dd;E";Lirola;Verona;5;5,7;5,6;0;0;0;0;0;0;0;1;0;0
7336;D;Dc;Tchoca;Torino;0;0;0;0;0;0;0;0;0;0;0;0;0
7356;D;Dc;Mlacic;Udinese;3;5,83;5,67;0;0;0;0;0;0;0;2;0;0
7377;D;"Ds;E";Balbo;Fiorentina;4;5,75;5,75;0;0;0;0;0;0;0;0;0;0
5498;D;Dc;Casale;Bologna;10;5,65;5,65;0;0;0;0;0;0;0;0;0;0
6551;D;Dc;Ilic M.;Bologna;0;0;0;0;0;0;0;0;0;0;0;0;0
6464;D;Dc;Wieteska;Cagliari;0;0;0;0;0;0;0;0;0;0;0;0;0
6636;D;"Ds;Dc";Veroli;Cagliari;0;0;0;0;0;0;0;0;0;0;0;0;0
418;D;Dc;Goldaniga;Como;0;0;0;0;0;0;0;0;0;0;0;0;0
1891;D;"Dd;Dc";Ceccherini;Cremonese;8;5,56;5,5;0;0;0;0;0;0;1;1;1;0
5891;D;"Ds;E";Quagliata;Cremonese;0;0;0;0;0;0;0;0;0;0;0;0;0
2847;D;"Dd;Ds;E";Sernicola;Cremonese;0;0;0;0;0;0;0;0;0;0;0;0;0
6803;D;"Ds;E";Rouhi;Juventus;0;0;0;0;0;0;0;0;0;0;0;0;0
5899;D;Dc;Gigot;Lazio;0;0;0;0;0;0;0;0;0;0;0;0;0
140;D;"Dd;Ds;E";Hysaj;Lazio;2;5,5;5,5;0;0;0;0;0;0;0;0;0;0
7164;D;"Dd;Dc";Perez M.;Lecce;1;5;5;0;0;0;0;0;0;0;0;0;0
7136;D;"Dd;Dc";Kouassi;Lecce;4;5,5;5,5;0;0;0;0;0;0;0;0;0;0
7182;D;"Ds;E";Ndaba;Lecce;9;5,5;5,5;0;0;0;0;0;0;0;0;0;0
7140;D;Dc;Coppola F.;Pisa;5;5,1;4,9;0;0;0;0;0;0;0;3;0;0
7170;D;Dc;Mbambi;Pisa;0;0;0;0;0;0;0;0;0;0;0;0;0
7142;D;"Dd;E";Esteves T.;Pisa;0;0;0;0;0;0;0;0;0;0;0;0;0
6885;D;"Dd;E";Abdulhamid;Roma;0;0;0;0;0;0;0;0;0;0;0;0;0
7154;D;Dc;Odenthal;Sassuolo;0;0;0;0;0;0;0;0;0;0;0;0;0
2279;D;Dc;Romagna;Sassuolo;5;5,7;5,7;0;0;0;0;0;0;0;0;0;0
6431;D;"Dd;E";Paz Y.;Sassuolo;0;0;0;0;0;0;0;0;0;0;0;0;0
7156;D;"Ds;E";Pieragnolo;Sassuolo;0;0;0;0;0;0;0;0;0;0;0;0;0
6041;D;Dc;Schuurs;Torino;0;0;0;0;0;0;0;0;0;0;0;0;0
6826;D;"Dd;E";Dembelè A.;Torino;1;5;5;0;0;0;0;0;0;0;0;0;0
6900;D;E;Rui Modesto;Udinese;2;5,75;6,25;0;0;0;0;0;0;1;0;0;0
7196;D;Dc;Denoon;Pisa;2;5,5;5,25;0;0;0;0;0;0;0;1;0;0
6985;D;"Ds;Dc";Candè;Sassuolo;8;5,69;5,56;0;0;0;0;0;0;0;2;0;0
5324;D;"B;Dd;Ds";Godfrey;Atalanta;0;0;0;0;0;0;0;0;0;0;0;0;0
7238;D;Dc;Kouadio;Fiorentina;1;6;6;0;0;0;0;0;0;0;0;0;0
6351;D;"Dd;Ds;E";Lamptey;Fiorentina;1;6;6;0;0;0;0;0;0;0;0;0;0
6870;D;Dc;Faye;Cremonese;7;5,71;5,64;0;0;0;0;0;0;0;1;0;0
7271;D;Dc;Odogu;Milan;0;0;0;0;0;0;0;0;0;0;0;0;0
388;D;Dc;Albiol;Pisa;8;5,62;5,69;0;0;0;0;0;0;1;1;0;0
6874;D;Dc;Palacios T.;Inter;0;0;0;0;0;0;0;0;0;0;0;0;0
7325;D;Dc;Bozhinov;Pisa;8;5,25;5,06;0;0;0;0;0;0;0;1;1;0
7346;D;"Dd;E";Raterink;Cagliari;0;0;0;0;0;0;0;0;0;0;0;0;0
6875;C;"T;A";Paz N.;Como;35;6,37;7,3;12;0;0;2;0;2;5;5;0;0
4777;C;"C;T";McTominay;Napoli;33;6,39;7,26;10;0;0;1;0;1;2;1;0;0
7126;C;T;Baturina;Como;25;6,3;7,14;6;0;0;0;0;0;3;0;0;0
2194;C;"M;C";Calhanoglu;Inter;22;6,52;7,64;9;0;0;5;4;1;4;7;0;0
2423;C;"T;A";Pulisic;Milan;27;6,15;7,07;8;0;0;1;0;1;4;0;0;0
2379;C;"C;T";Rabiot;Milan;29;6,33;6,98;6;0;0;0;0;0;4;4;1;0
2517;C;T;De Bruyne;Napoli;17;6,26;7,24;5;0;0;3;3;0;2;1;0;0
5559;C;"C;W;T";Da Cunha;Como;35;6,34;6,91;6;0;0;4;4;0;4;4;0;0
152;C;"C;T";Zielinski;Inter;30;6,25;6,8;6;0;0;1;1;0;2;3;0;1
6908;C;C;Atta;Udinese;32;6,36;6,88;5;0;0;0;0;0;3;3;0;0
5564;C;W;Ndoye;Bologna;0;0;0;0;0;0;0;0;0;0;0;0;0
2167;C;"W;A";Orsolini;Bologna;34;6,06;6,76;10;0;0;6;4;2;1;2;0;0
2766;C;"T;A";Zaniolo;Udinese;31;6,26;6,77;5;0;0;0;0;0;5;8;0;0
1870;C;C;Barella;Inter;34;6,28;6,71;3;0;0;0;0;0;9;7;0;0
4973;C;"M;C";McKennie;Juventus;34;6,13;6,68;5;0;0;0;0;0;6;5;0;0
6884;C;"W;A";Conceicao;Juventus;30;6,28;6,7;3;0;0;0;0;0;5;3;0;0
2606;C;C;Modric;Milan;33;6,45;6,67;2;0;0;0;0;0;3;4;0;0
1933;C;"M;C";Mandragora;Fiorentina;34;6,04;6,62;7;0;0;1;1;0;2;7;0;0
6717;C;"M;C";Konè I.;Sassuolo;35;6,19;6,63;6;0;0;0;0;0;0;3;1;0
5687;C;T;Vlasic;Torino;37;6,03;6,66;8;0;0;5;5;0;3;7;0;0
6151;C;"M;C";Perrone;Como;36;6,22;6,47;3;0;0;0;0;0;4;8;0;0
4970;C;"C;W";Messias;Genoa;19;6,18;6,68;3;0;0;1;1;0;1;1;0;0
6398;C;"W;A";Isaksen;Lazio;27;6,04;6,63;5;0;0;0;0;0;1;0;0;0
4427;C;"C;T";Malinovskyi;Genoa;34;6,07;6,54;6;0;0;3;3;0;3;10;0;0
4892;C;"E;W";Saelemaekers;Milan;35;6,14;6,41;3;0;0;0;0;0;3;5;0;0
4220;C;"M;C";Zambo Anguissa;Napoli;18;6,17;6,86;4;0;0;0;0;0;1;1;0;0
6666;C;C;Bernabè;Parma;32;6,17;6,48;3;0;0;0;0;0;1;0;0;0
5844;C;"C;T";Thorstvedt;Sassuolo;31;6,15;6,48;4;0;0;0;0;0;3;9;0;0
6844;C;"W;T";Rowe;Bologna;28;6,2;6,59;3;0;0;0;0;0;3;2;0;0
5422;C;"E;W";Zalewski;Atalanta;31;6,1;6,4;2;0;0;0;0;0;5;3;0;0
2529;C;"C;T";Mkhitaryan;Inter;28;6,21;6,59;4;0;0;0;0;0;1;5;0;0
5562;C;"M;C";Thuram K.;Juventus;34;6,1;6,4;3;0;0;0;0;0;2;2;0;0
6190;C;C;Pisilli;Roma;22;6,09;6,48;2;0;0;0;0;0;4;3;0;0
6684;C;"C;T";Ekkelenkamp;Udinese;31;6,05;6,61;5;0;0;0;0;0;3;1;0;0
7314;C;"C;T";Taylor K.;Lazio;17;6,06;6,56;3;0;0;0;0;0;2;5;0;0
5792;C;"M;C";Ederson D.S.;Atalanta;30;6,25;6,43;2;0;0;1;1;0;1;3;0;0
184;C;"W;A";Bernardeschi;Bologna;24;6,04;6,56;4;0;0;1;1;0;2;3;0;0
2765;C;"T;A";Odgaard;Bologna;22;5,91;6,61;5;0;0;0;0;0;1;1;0;0
4364;C;T;Gaetano;Cagliari;32;6,06;6,31;2;0;0;0;0;0;4;4;0;0
5036;C;"C;T";Caqueret;Como;28;6,11;6,41;2;0;0;0;0;0;4;3;0;0
4486;C;"W;A";Strefezza;Parma;14;6,21;6,68;2;0;0;0;0;0;2;3;0;0
449;C;"T;A";Vazquez;Cremonese;13;6,15;6,54;1;0;0;0;0;0;2;1;0;0
5800;C;"T;A";Gudmundsson A.;Fiorentina;32;5,88;6,34;5;0;0;3;3;0;3;4;1;0
4186;C;C;Guendouzi;Lazio;16;6,16;6,31;2;0;0;0;0;0;0;5;1;0
632;C;"W;A";Zaccagni;Lazio;26;5,88;5,96;3;0;0;1;0;1;0;6;1;0
5504;C;"M;C";Coulibaly L.;Lecce;33;6,05;6,29;3;0;0;0;0;0;1;4;0;0
536;C;W;Politano;Napoli;33;6,09;6,36;2;0;0;0;0;0;5;4;0;0
779;C;"M;C";Cristante;Roma;37;6,11;6,22;2;0;0;0;0;0;1;6;0;0
5589;C;"M;C";Konè M.;Roma;29;6,26;6,53;2;0;0;0;0;0;3;2;0;0
530;C;"C;T";Pellegrini Lo.;Roma;24;6,04;6,58;4;0;0;2;2;0;2;2;0;0
5735;C;"W;T";Volpato;Sassuolo;21;6,14;6,52;2;0;0;0;0;0;4;4;0;0
5888;C;"C;T";Casadei;Torino;32;5,97;6,45;6;0;0;0;0;0;0;5;0;0
2077;C;"C;T";Pasalic;Atalanta;31;5,94;6,27;3;0;0;0;0;0;3;3;0;0
4404;C;"C;T";Thorsby;Cremonese;21;6,1;6,48;3;0;0;0;0;0;1;4;0;0
827;C;"M;C";Locatelli;Juventus;36;6,26;6,19;1;0;0;1;0;1;2;9;0;0
7351;C;"W;A";Santos A.;Napoli;13;6,35;7,23;4;0;0;0;0;0;0;1;0;0
7133;C;"W;T";Vandeputte;Cremonese;31;6,06;6,27;1;0;0;0;0;0;5;3;0;0
4465;C;C;Fagioli;Fiorentina;33;6,03;6,23;2;0;0;0;0;0;3;5;0;0
7070;C;C;Sucic P.;Inter;28;6,07;6,27;2;0;0;0;0;0;2;5;0;0
333;C;"M;C";Cataldi;Lazio;27;6,07;6,41;3;0;0;2;2;0;3;6;0;0
5674;C;C;Basic;Lazio;23;6,09;6,43;2;0;0;0;0;0;3;0;1;0
5453;C;"M;C";Ricci S.;Milan;28;6;6,18;1;0;0;0;0;0;3;3;0;0
6898;C;"M;C";Keita M.;Parma;36;6,01;6,06;1;0;0;0;0;0;1;1;0;1
5393;C;"W;A";Man;Parma;0;0;0;0;0;0;0;0;0;0;0;0;0
5651;C;W;Harrison;Fiorentina;15;5,9;6,27;1;0;0;0;0;0;3;1;0;0
4947;C;"C;T";Brescianini;Fiorentina;18;5,97;6,31;2;0;0;0;0;0;1;2;0;0
4896;C;"T;A";Maldini;Lazio;18;5,94;6,31;2;0;0;0;0;0;1;1;0;0
6252;C;"C;T";Folorunsho;Cagliari;26;6,04;6,21;2;0;0;0;0;0;0;3;0;0
4686;C;"M;C";Fofana Y.;Milan;33;5,85;6,06;2;0;0;0;0;0;3;4;0;0
4199;C;"C;T";Loftus-Cheek;Milan;21;6,1;6,52;3;0;0;0;0;0;1;2;0;0
4287;C;"M;C";Lobotka;Napoli;31;6,05;6,1;1;0;0;0;0;0;0;3;0;0
6831;C;"W;A";Neres;Napoli;16;6,19;6,84;3;0;0;0;0;0;3;3;0;0
2334;C;W;Leris;Pisa;32;5,94;6,19;2;0;0;0;0;0;3;2;0;0
1976;C;"M;C";Mazzitelli;Cagliari;14;6,07;6,57;2;0;0;0;0;0;2;3;0;0
22;C;"M;C";De Roon;Atalanta;34;5,97;6;1;0;0;0;0;0;2;6;1;0
5119;C;T;Samardzic;Atalanta;21;5,93;6,29;2;0;0;0;0;0;2;1;0;0
6054;C;"M;C";Moro N.;Bologna;28;5,93;6,12;2;0;0;0;0;0;0;1;0;0
6294;C;"M;C";Ndour;Fiorentina;30;5,8;6,07;3;0;0;0;0;0;0;2;0;0
5791;C;"M;C";Frendrup;Genoa;36;5,96;5,97;1;0;0;0;0;0;0;5;0;0
4711;C;"E;W";Kostic;Juventus;10;6,2;7,2;3;0;0;0;0;0;1;1;0;0
795;C;W;El Shaarawy;Roma;18;6,14;6,33;1;0;0;0;0;0;2;4;0;0
5823;C;"T;A";Baldanzi;Genoa;17;6,15;6,38;1;0;0;0;0;0;2;2;0;0
6680;C;"M;C";Karlstrom;Udinese;36;5,96;5,96;1;0;0;0;0;0;0;6;0;0
5761;C;W;Zhegrova;Juventus;12;5,96;5,96;0;0;0;0;0;0;0;1;0;0
7318;C;"C;T";Gandelman;Lecce;16;5,97;6,41;2;0;0;0;0;0;1;0;0;0
788;C;"M;C";Freuler;Bologna;28;6,02;6,04;1;0;0;0;0;0;2;5;0;1
5298;C;"M;C";Pobega;Bologna;23;5,83;6,17;3;0;0;0;0;0;1;2;1;0
4870;C;"M;C";Adopo;Cagliari;38;5,83;5,88;1;0;0;0;0;0;1;4;0;0
6020;C;"C;W";Ellertsson;Genoa;35;5,84;5,91;1;0;0;0;0;0;1;1;1;0
5301;C;"E;W";Luis Henrique;Inter;27;5,89;6,06;1;0;0;0;0;0;2;1;0;0
6394;C;"M;C";Ramadani;Lecce;37;5,91;5,85;1;0;0;0;0;0;0;10;0;0
6271;C;"M;C";El Aynaoui;Roma;21;5,98;6,1;1;0;0;0;0;0;2;5;0;0
6815;C;W;Fadera;Sassuolo;24;5,92;6,15;2;0;0;0;0;0;1;5;0;0
2839;C;"W;A";Sottil;Lecce;21;6,02;6,24;1;0;0;0;0;0;2;1;0;0
7223;C;"W;T";Vergara;Napoli;8;6,25;6,5;1;0;0;0;0;0;0;2;0;0
2670;C;"W;A";Bailey;Roma;5;5,7;5,7;0;0;0;0;0;0;0;0;0;0
2528;C;"M;C";Matic;Sassuolo;34;5,96;5,96;1;0;0;0;0;0;1;6;1;0
4349;C;"M;C";Nicolussi Caviglia;Parma;23;5,89;6,02;0;0;0;0;0;0;4;4;0;0
6424;C;"M;C";Prati;Torino;32;5,88;5,88;1;0;0;0;0;0;0;6;0;0
6640;C;W;Felici;Cagliari;11;6,05;6,55;2;0;0;0;0;0;1;3;0;0
4662;C;"E;W";Weah;Juventus;0;0;0;0;0;0;0;0;0;0;0;0;0
5813;C;"C;T";Miretti;Juventus;15;5,97;6,2;1;0;0;0;0;0;1;1;0;0
6015;C;"C;T";Berisha M.;Lecce;12;6,17;6,92;2;0;0;0;0;0;3;0;0;0
6549;C;"W;A";Pierotti;Lecce;37;5,8;5,85;1;0;0;0;0;0;1;4;0;0
5131;C;"M;C";Gilmour;Napoli;13;6,08;6,27;1;0;0;0;0;0;0;1;0;0
6170;C;C;Gineitis;Torino;27;5,87;5,81;0;0;0;0;0;0;1;5;0;0
7028;C;C;Bernede;Verona;31;5,87;6;1;0;0;0;0;0;2;2;0;0
7198;C;C;Piotrowski;Udinese;30;5,88;5,95;1;0;0;0;0;0;0;2;0;0
7208;C;"M;C";Miller L.;Udinese;19;5,92;5,95;0;0;0;0;0;0;2;4;0;0
7209;C;C;Sorensen O.;Parma;30;5,85;5,95;1;0;0;0;0;0;1;2;0;0
6005;C;"C;T";Ilkhan;Torino;17;5,82;6;1;0;0;0;0;0;2;2;1;0
6274;C;C;Diouf;Inter;10;6,15;6,45;1;0;0;0;0;0;0;1;0;0
4479;C;"W;T";Elmas;Napoli;28;5,8;5,96;1;0;0;0;0;0;3;3;0;0
801;C;"M;C";Gagliardini;Verona;29;5,91;5,84;1;0;0;0;0;0;0;10;0;0
6024;C;"M;C";Sulemana I.;Cagliari;18;5,69;5,78;1;0;0;0;0;0;0;3;0;0
5784;C;C;Aebischer;Pisa;35;5,8;5,8;1;0;0;0;0;0;1;8;0;0
6206;C;"C;T";Fabbian;Fiorentina;22;5,8;6,05;2;0;0;0;0;0;0;2;0;0
1871;C;"M;C";Deiola;Cagliari;20;5,98;5,95;0;0;0;0;0;0;1;3;0;0
181;C;"M;C";Vecino;Lazio;12;5,92;5,96;0;0;0;0;0;0;1;1;0;0
6629;C;"C;T";Dele-Bashiru;Lazio;21;5,69;5,83;1;0;0;0;0;0;0;0;0;0
5998;C;"E;W";Zerbin;Cremonese;29;5,76;5,79;0;0;0;0;0;0;2;2;0;0
7138;C;"M;C";Ordonez C.;Parma;21;5,79;5,81;1;0;0;0;0;0;0;3;1;0
5318;C;"W;T";Tramoni M.;Pisa;25;5,72;6;2;0;0;1;1;0;2;3;0;0
6246;C;"M;C";Lipani;Sassuolo;21;5,93;5,9;0;0;0;0;0;0;1;3;0;0
6458;C;C;Serdar;Verona;18;5,97;6,22;2;0;0;0;0;0;0;3;0;0
5858;C;"C;T";Ferguson;Bologna;23;5,8;5,78;1;0;0;0;0;0;0;5;1;0
27;C;"M;C";Grassi;Cremonese;28;5,79;5,7;0;0;0;0;0;0;0;3;1;0
2842;C;W;Zanimacchia;Cremonese;0;0;0;0;0;0;0;0;0;0;0;0;0
6917;C;"M;C";Masini;Genoa;21;5,98;5,9;0;0;0;0;0;0;1;5;0;0
5457;C;"M;C";Maleh;Cremonese;21;5,69;5,71;1;0;0;0;0;0;0;3;1;0
5992;C;"M;C";Bondo;Cremonese;27;5,85;5,76;0;0;0;0;0;0;0;5;0;0
5295;C;"C;W";Musah;Atalanta;16;5,94;6,09;1;0;0;0;0;0;0;1;0;0
5290;C;"M;C";Estevez;Parma;22;5,8;5,8;0;0;0;0;0;0;1;2;0;0
7146;C;"E;M";Tourè I.;Pisa;30;5,82;5,82;1;0;0;0;0;0;0;4;1;0
6593;C;"C;T";Akinsanmiro;Pisa;23;5,8;5,8;0;0;0;0;0;0;1;2;0;0
6481;C;C;Payero;Cremonese;25;5,9;5,86;1;0;0;0;0;0;0;8;0;0
5286;C;"M;C";Akpa Akpro;Verona;22;5,86;5,8;1;0;0;0;0;0;0;9;0;0
7322;C;"M;C";Ngom;Lecce;13;5,69;5,65;0;0;0;0;0;0;0;1;0;0
7331;C;"M;C";Loyola;Pisa;11;5,55;5,73;1;0;0;0;0;0;0;0;1;0
7341;C;"M;C";Amorim;Genoa;9;5,72;5,67;0;0;0;0;0;0;0;1;0;0
6106;C;"T;A";Carboni V.;Genoa;10;5,7;5,6;0;0;0;0;0;0;0;2;0;0
2848;C;"C;T";Frattesi;Inter;14;5,89;5,89;0;0;0;0;0;0;0;0;0;0
5685;C;"C;T";Koopmeiners;Juventus;29;5,64;5,55;0;0;0;0;0;0;0;5;0;0
4856;C;W;Chukwueze;Milan;1;5,5;5,5;0;0;0;0;0;0;0;0;0;0
5319;C;C;Sohm;Bologna;24;5,65;5,62;0;0;0;0;0;0;1;3;0;0
7145;C;"E;M";Piccinini G.;Pisa;22;5,77;5,7;0;0;0;0;0;0;0;3;0;0
4930;C;"M;C";Ghion;Sassuolo;0;0;0;0;0;0;0;0;0;0;0;0;0
5688;C;"W;T";Harroui;Verona;17;5,74;5,85;1;0;0;1;1;0;0;3;0;0
6486;C;"W;T";Suslov;Verona;10;5,75;5,6;0;0;0;0;0;0;0;1;1;0
7203;C;C;Jashari;Milan;12;5,71;5,79;0;0;0;0;0;0;1;0;0;0
6218;C;"W;T;A";Oristanio;Parma;18;5,78;5,92;1;0;0;0;0;0;0;1;0;0
6575;C;"W;A";Zaragoza;Roma;3;5,83;6;0;0;0;0;0;0;1;1;0;0
6225;C;"M;C";El Azzouzi;Bologna;0;0;0;0;0;0;0;0;0;0;0;0;0
4284;C;"M;C";Sergi Roberto;Como;13;5,85;5,73;0;0;0;0;0;0;0;3;0;0
5863;C;"M;C";Castagnetti;Cremonese;0;0;0;0;0;0;0;0;0;0;0;0;0
6010;C;"C;T";Fazzini;Fiorentina;12;5,88;5,83;0;0;0;0;0;0;0;2;0;0
4911;C;C;Douglas Luiz;Juventus;0;0;0;0;0;0;0;0;0;0;0;0;0
6191;C;"M;C";Belahyane;Lazio;11;5,77;5,82;0;0;0;0;0;0;2;1;1;0
6410;C;"M;C";Kaba;Lecce;11;5,77;5,73;0;0;0;0;0;0;0;1;0;0
6634;C;W;Tete Morente;Lecce;15;5,57;5,57;0;0;0;0;0;0;1;2;0;0
6984;C;"W;A";Ondrejka;Parma;15;5,7;5,63;0;0;0;0;0;0;0;2;0;0
7147;C;"M;C";Hojholt;Pisa;15;5,57;5,5;0;0;0;0;0;0;0;2;0;0
7150;C;C;Vural;Pisa;14;5,79;5,64;0;0;0;0;0;0;0;4;0;0
7157;C;C;Iannoni;Sassuolo;5;6;6,5;1;0;0;0;0;0;0;3;0;0
6212;C;"M;C";Zarraga;Udinese;10;5,75;5,7;0;0;0;0;0;0;0;2;0;0
5850;C;C;Lovric;Verona;10;5,75;5,75;0;0;0;0;0;0;1;2;0;0
7254;C;T;Lorran;Pisa;4;5,88;6,62;1;0;0;0;0;0;0;0;0;0
6528;C;"W;T";Sarmiento J.;Cremonese;5;5,9;5,9;0;0;0;0;0;0;0;0;0;0
6112;C;"E;W";Iling Junior;Pisa;3;5,83;5,83;0;0;0;0;0;0;0;0;0;0
6676;C;"M;C";Engelhardt;Como;0;0;0;0;0;0;0;0;0;0;0;0;0
7132;C;"M;C";Collocolo;Cremonese;5;5,9;5,8;0;0;0;0;0;0;0;1;0;0
5857;C;"M;C";Pickel;Cremonese;0;0;0;0;0;0;0;0;0;0;0;0;0
6804;C;"M;C";Richardson;Fiorentina;1;5,5;5,5;0;0;0;0;0;0;0;0;0;0
5788;C;T;Sabiri;Fiorentina;1;5,5;5,5;0;0;0;0;0;0;0;0;0;0
6980;C;W;Venturino;Roma;7;5,86;5,86;0;0;0;0;0;0;0;0;0;0
6722;C;"W;T";Gronbaek;Genoa;2;5,5;5,25;0;0;0;0;0;0;0;1;0;0
5719;C;"M;C";Asllani;Torino;14;5,57;5,25;0;0;0;1;0;1;0;3;0;0
4459;C;"M;C";Rovella;Lazio;11;5,73;5,64;0;0;0;0;0;0;1;2;1;0
5872;C;"C;T";Helgason;Lecce;4;5,62;5,62;0;0;0;0;0;0;0;0;0;0
4423;C;C;Hernani;Parma;3;5,67;5,67;0;0;0;0;0;0;0;0;0;0
7149;C;"M;C";Marin M.;Pisa;20;5,88;5,7;0;0;0;0;0;0;0;7;0;0
6219;C;"M;C";Boloca;Sassuolo;2;5,75;5,75;0;0;0;0;0;0;0;0;0;0
6889;C;"C;T";Anjorin;Torino;9;5,78;5,72;0;0;0;0;0;0;0;1;0;0
5540;C;"M;C";Niasse;Verona;16;5,69;5,72;0;0;0;0;0;0;1;1;0;0
6506;C;"E;W";Fini;Genoa;1;5,5;5,5;0;0;0;0;0;0;0;0;0;0
7248;C;"M;C";Gorter;Lecce;1;5,5;5,5;0;0;0;0;0;0;0;0;0;0
7010;C;"M;C";Al-Musrati;Verona;14;5,71;5,57;0;0;0;0;0;0;1;4;1;0
4677;C;W;Cornet;Genoa;5;5,1;4,5;0;0;0;1;0;1;0;0;0;0
7036;C;"C;T";Bakola;Sassuolo;3;6,17;6,17;0;0;0;0;0;0;0;0;0;0
7165;C;"M;C";Liteta;Cagliari;4;5,75;5,75;0;0;0;0;0;0;0;0;0;0
6656;C;"M;C";Braunoder;Como;0;0;0;0;0;0;0;0;0;0;0;0;0
2553;C;T;Alli;Como;0;0;0;0;0;0;0;0;0;0;0;0;0
2274;C;"C;T";Valoti;Cremonese;0;0;0;0;0;0;0;0;0;0;0;0;0
5516;C;"M;C";Bianco;Fiorentina;0;0;0;0;0;0;0;0;0;0;0;0;0
7135;C;"C;T";Stanciu;Genoa;4;5,5;4,75;0;0;0;1;0;1;0;0;0;0
6633;C;"M;C";Pierret;Lecce;1;6;6;0;0;0;0;0;0;0;0;0;0
6222;C;"C;T";Rafia;Lecce;0;0;0;0;0;0;0;0;0;0;0;0;0
6645;C;T;Marchwinski;Lecce;0;0;0;0;0;0;0;0;0;0;0;0;0
6678;C;"W;T";Liberali;Milan;0;0;0;0;0;0;0;0;0;0;0;0;0
7151;C;"W;T";Arena;Pisa;0;0;0;0;0;0;0;0;0;0;0;0;0
4890;C;"M;C";Tameze;Torino;17;5,65;5,59;0;0;0;0;0;0;0;3;0;0
5007;C;C;Ilic;Torino;8;6;5,88;0;0;0;0;0;0;0;2;0;0
5824;C;"T;A";Pafundi;Udinese;0;0;0;0;0;0;0;0;0;0;0;0;0
7177;C;C;Santiago;Verona;0;0;0;0;0;0;0;0;0;0;0;0;0
2117;C;"C;T";Kastanos;Verona;1;6;6;0;0;0;0;0;0;0;0;0;0
6618;C;"W;T";Cissè A.;Verona;0;0;0;0;0;0;0;0;0;0;0;0;0
2076;C;"M;C";Rog;Cagliari;0;0;0;0;0;0;0;0;0;0;0;0;0
6677;C;"C;T";Adzic;Juventus;4;6,12;6,88;1;0;0;0;0;0;0;0;0;0
7025;C;"W;T";Cuenca H.;Genoa;0;0;0;0;0;0;0;0;0;0;0;0;0
5610;C;"M;C";Vranckx;Sassuolo;14;5,64;5,57;0;0;0;0;0;0;0;2;0;0
7246;C;C;Sala A.;Lecce;4;5,75;6;0;0;0;0;0;0;1;0;0;0
5561;C;"W;T";Stengs;Pisa;1;5,5;5,5;0;0;0;0;0;0;0;0;0;0
6538;C;"M;C";Onana J.;Genoa;2;5,75;5,75;0;0;0;0;0;0;0;0;0;0
7276;C;C;Cremaschi;Parma;1;6;6;0;0;0;0;0;0;0;0;0;0
7319;C;"M;C";Fofana Sa.;Lecce;2;5,5;5,5;0;0;0;0;0;0;0;0;0;0
7345;C;"W;T";Przyborek;Lazio;0;0;0;0;0;0;0;0;0;0;0;0;0
7357;C;"C;T";Lahdo;Como;0;0;0;0;0;0;0;0;0;0;0;0;0
2764;A;Pc;Martinez L.;Inter;30;6,42;8,25;17;0;0;0;0;0;6;4;0;0
4871;A;Pc;Thuram;Inter;29;6,43;7,95;13;0;0;0;0;0;6;2;0;0
6052;A;Pc;Hojlund;Napoli;33;6,21;7,44;12;0;0;1;1;0;5;1;0;0
7017;A;Pc;Douvikas;Como;36;6,18;7,38;14;0;0;1;1;0;1;0;0;0
6434;A;A;Yildiz;Juventus;35;6,39;7,3;10;0;0;2;1;1;6;2;0;0
531;A;A;Berardi;Sassuolo;26;6,31;7,19;8;0;0;3;2;1;4;2;1;0
5585;A;A;Malen;Roma;18;6,72;8,97;14;0;0;4;3;1;2;1;0;0
6435;A;Pc;Krstovic;Atalanta;32;6,16;7,19;10;0;0;0;0;0;5;4;0;0
5637;A;Pc;Davis K.;Udinese;30;6,32;7,37;10;0;0;4;4;0;4;5;0;0
2137;A;Pc;Scamacca;Atalanta;22;6,18;7,55;10;0;0;2;2;0;1;2;0;0
505;A;A;Bonazzoli;Cremonese;35;6,16;7,01;10;0;0;3;3;0;2;4;0;0
7071;A;Pc;Esposito F.P.;Inter;31;6,26;7,02;7;0;0;0;0;0;3;1;0;0
2061;A;Pc;Simeone;Torino;32;6,08;7,09;11;0;0;0;0;0;0;1;0;0
4463;A;A;Esposito Se.;Cagliari;36;6,26;6,88;7;0;0;1;1;0;4;6;0;0
6060;A;A;Laurientè;Sassuolo;37;6,23;6,99;7;0;0;0;0;0;9;4;0;0
6669;A;Pc;Bonny;Inter;27;6,15;6,83;5;0;0;0;0;0;4;1;0;0
4510;A;A;Leao;Milan;28;5,88;6,86;9;0;0;2;2;0;3;5;0;0
5734;A;A;Soulè;Roma;32;6,12;6,83;6;0;0;0;0;0;5;1;0;0
6226;A;Pc;Castellanos;Lazio;11;6,09;6,82;2;0;0;0;0;0;3;2;0;0
7023;A;Pc;Pellegrino M.;Parma;37;5,99;6,65;9;0;0;1;1;0;0;5;0;0
4728;A;A;Nkunku;Milan;26;5,94;6,87;7;0;0;5;5;0;3;0;0;0
6572;A;Pc;Castro S.;Bologna;35;5,93;6,51;7;0;0;0;0;0;1;3;0;0
5995;A;A;De Ketelaere;Atalanta;31;6,21;6,6;3;0;0;0;0;0;5;4;0;0
2097;A;Pc;Kean;Fiorentina;26;5,88;6,77;8;0;0;2;2;0;1;4;0;0
2841;A;Pc;Vlahovic;Juventus;18;6,14;7,31;7;0;0;1;1;0;0;0;0;0
2489;A;A;Pedro;Lazio;23;6,13;6,78;5;0;0;2;2;0;2;4;0;0
5455;A;A;Moreo;Pisa;35;5,99;6,56;7;0;0;2;2;0;0;2;0;0
2038;A;Pc;Pinamonti;Sassuolo;34;5,88;6,62;9;0;0;1;0;1;3;2;1;0
6646;A;A;Adams C.;Torino;32;5,98;6,64;6;0;0;0;0;0;3;0;0;0
2369;A;A;Thauvin;Udinese;0;0;0;0;0;0;0;0;0;0;0;0;0
2499;A;Pc;Vardy;Cremonese;29;5,95;6,62;7;0;0;0;0;0;1;5;0;0
7129;A;"W;A";Rodriguez Je.;Como;28;6,25;6,66;2;0;0;0;0;0;8;3;1;0
6001;A;"W;A";Banda;Lecce;32;6,08;6,55;5;0;0;0;0;0;4;6;1;0
4371;A;A;Raspadori;Atalanta;13;6,12;6,88;3;0;0;0;0;0;1;0;0;0
2531;A;Pc;Lukaku;Napoli;1;7;9,5;1;0;0;0;0;0;0;1;0;0
4730;A;A;Lookman;Atalanta;10;5,8;6,4;2;0;0;0;0;0;0;0;0;0
4923;A;Pc;Colombo;Genoa;37;5,92;6,41;7;0;0;2;1;1;1;2;0;0
6556;A;A;Noslin;Lazio;23;6,02;6,5;4;0;0;0;0;0;2;4;1;0
6552;A;Pc;Orban G.;Verona;28;5,82;6,54;7;0;0;2;2;0;2;4;1;0
6164;A;Pc;Vitinha O.;Genoa;31;5,95;6,39;5;0;0;0;0;0;1;5;0;0
5544;A;Pc;David;Juventus;30;5,77;6,33;6;0;0;1;0;1;2;0;0;0
7120;A;A;Lang;Napoli;14;6,04;6,32;1;0;0;0;0;0;2;2;0;0
309;A;A;Dybala;Roma;21;6,26;6,74;2;0;0;1;0;1;7;0;0;0
7162;A;A;Giovane;Napoli;31;6;6,45;3;0;0;0;0;0;6;2;0;0
7199;A;A;Kilicsoy;Cagliari;16;6,03;6,78;4;0;0;0;0;0;0;1;0;0
4436;A;A;Cambiaghi;Bologna;24;5,98;6,42;3;0;0;0;0;0;4;3;1;0
6967;A;"W;A";Diao;Como;16;6;6,38;2;0;0;0;0;0;1;2;0;0
5506;A;A;Ekuban;Genoa;28;5,96;6,43;4;0;0;0;0;0;1;0;0;0
7008;A;Pc;Gimenez;Milan;15;5,5;5,53;0;0;0;0;0;0;1;2;0;0
6243;A;Pc;Borrelli;Cagliari;26;5,92;6,46;5;0;0;0;0;0;1;4;0;0
4179;A;"W;A";Gonzalez N.;Juventus;0;0;0;0;0;0;0;0;0;0;0;0;0
5500;A;"W;A";Cancellieri;Lazio;28;5,93;6,29;4;0;0;0;0;0;1;6;0;0
6439;A;Pc;Cheddira;Lecce;24;5,81;6,31;4;0;0;0;0;0;1;3;0;0
2832;A;"W;A";Boga;Juventus;13;6,19;7,15;4;0;0;0;0;0;1;1;0;0
5515;A;A;Okereke;Cremonese;10;5,9;6,5;2;0;0;0;0;0;0;0;0;0
6822;A;A;Ekhator;Genoa;25;5,96;6,28;3;0;0;0;0;0;0;3;0;0
6675;A;Pc;Dovbyk;Roma;13;6;6,77;3;0;0;0;0;0;1;0;0;0
6365;A;Pc;Ferguson E.;Roma;14;6,11;6,86;3;0;0;0;0;0;2;1;0;0
5336;A;Pc;Nzola;Sassuolo;27;5,96;6,26;4;0;0;3;2;1;1;2;1;0
2678;A;Pc;Fullkrug;Milan;19;5,76;5,76;1;0;0;1;0;1;0;0;0;0
7316;A;Pc;Durosinmi;Pisa;10;5,7;6;1;0;0;0;0;0;1;1;1;0
7347;A;A;Bowie;Verona;14;5,96;6,79;4;0;0;0;0;0;0;1;0;0
5918;A;A;Sulemana K.;Atalanta;21;6;6,24;2;0;0;0;0;0;1;4;0;0
4359;A;Pc;Piccoli;Fiorentina;27;5,78;6,24;4;0;0;0;0;0;1;1;0;0
6145;A;A;Ngonge;Torino;17;5,82;6;1;0;0;0;0;0;1;2;0;0
7313;A;Pc;Ratkov;Lazio;7;5,64;5,64;0;0;0;0;0;0;0;0;0;0
6667;A;A;Benedyczak;Parma;10;5,95;6,3;1;0;0;1;1;0;1;1;0;0
608;A;Pc;Zapata D.;Torino;23;5,83;6,13;3;0;0;1;0;1;1;0;0;0
7252;A;Pc;Stulic;Lecce;30;5,73;6,12;4;0;0;1;1;0;0;1;0;0
6380;A;"W;A";Solomon;Fiorentina;13;5,96;6,46;2;0;0;0;0;0;1;1;0;0
6981;A;Pc;Vaz;Roma;7;5,93;6,36;1;0;0;0;0;0;0;0;0;0
6229;A;Pc;Tourè E.;Atalanta;0;0;0;0;0;0;0;0;0;0;0;0;0
5496;A;A;Johnsen;Cremonese;9;5,83;6,28;1;0;0;0;0;0;1;0;0;0
7001;A;"W;A";N'Dri;Lecce;17;5,82;6,09;2;0;0;0;0;0;0;3;0;0
7249;A;Pc;Buksa;Udinese;21;5,88;6,24;3;0;0;0;0;0;0;3;0;0
6643;A;Pc;Dallinga;Bologna;19;5,82;6,13;2;0;0;0;0;0;1;2;0;0
7127;A;"W;A";Addai;Como;12;5,96;6,54;3;0;0;0;0;0;0;4;0;0
2155;A;Pc;Cutrone;Parma;14;5,71;5,93;1;0;0;0;0;0;0;0;0;0
6409;A;A;Beltran L.;Fiorentina;0;0;0;0;0;0;0;0;0;0;0;0;0
5672;A;Pc;Dia;Lazio;25;5,68;5,86;1;0;0;0;0;0;2;1;0;0
6827;A;A;Njie;Torino;10;5,8;6,15;1;0;0;0;0;0;1;2;0;0
2475;A;A;Sanchez;Udinese;0;0;0;0;0;0;0;0;0;0;0;0;0
7342;A;Pc;Elphege;Parma;8;6;6,88;2;0;0;0;0;0;1;0;0;0
7128;A;"W;A";Kuhn;Como;14;5,96;6,25;1;0;0;0;0;0;1;0;0;0
6215;A;Pc;Lucca;Napoli;9;5,72;6;1;0;0;0;0;0;0;1;0;0
5471;A;Pc;Djuric;Cremonese;9;6;6;0;0;0;0;0;0;1;2;0;0
6836;A;Pc;Meister;Pisa;27;5,65;5,83;2;0;0;0;0;0;0;2;0;0
6205;A;Pc;Mulattieri;Sassuolo;0;0;0;0;0;0;0;0;0;0;0;0;0
441;A;Pc;Belotti;Cagliari;4;6,12;7,62;2;0;0;1;1;0;0;0;0;0
7272;A;Pc;Gueye;Udinese;13;5,77;5,92;1;0;0;0;0;0;0;2;0;0
7374;A;Pc;Mendy P.;Cagliari;8;5,94;6,62;2;0;0;0;0;0;0;1;0;0
785;A;Pc;Immobile;Bologna;6;5,58;5,5;0;0;0;0;0;0;0;1;0;0
6628;A;Pc;Taremi;Inter;0;0;0;0;0;0;0;0;0;0;0;0;0
6227;A;A;Okafor;Milan;0;0;0;0;0;0;0;0;0;0;0;0;0
7153;A;Pc;Lind;Pisa;0;0;0;0;0;0;0;0;0;0;0;0;0
479;A;Pc;Sanabria;Cremonese;23;5,76;5,89;1;0;0;0;0;0;1;2;0;0
6653;A;A;Bravo;Udinese;4;6;6,62;1;0;0;0;0;0;0;1;0;0
6159;A;A;Sarr A.;Verona;29;5,67;5,64;0;0;0;0;0;0;0;0;1;0
6630;A;Pc;Mosquera;Verona;14;5,96;6,07;0;0;0;0;0;0;2;1;0;0
6314;A;Pc;Openda;Juventus;14;5,79;6;1;0;0;0;0;0;0;0;0;0
7344;A;Pc;Stojilkovic;Pisa;12;5,58;5,58;0;0;0;0;0;0;0;0;0;0
7349;A;Pc;Kulenovic;Torino;7;5,71;5,79;0;0;0;0;0;0;1;2;0;0
6895;A;"W;A";Dominguez B.;Bologna;12;5,83;6,04;0;0;0;0;0;0;3;1;0;0
6459;A;"W;A";Karlsson;Bologna;0;0;0;0;0;0;0;0;0;0;0;0;0
5297;A;A;Luvumbo;Cagliari;10;5,8;5,8;0;0;0;0;0;0;0;0;0;0
247;A;Pc;Pavoletti;Cagliari;6;6;6,42;1;0;0;0;0;0;0;1;0;0
5512;A;Pc;De Luca;Cremonese;1;7;10;1;0;0;1;1;0;0;0;0;0
647;A;Pc;Dzeko;Fiorentina;8;5,62;5,56;0;0;0;0;0;0;0;1;0;0
6207;A;"W;A";Almqvist;Parma;9;5,94;6,06;0;0;0;0;0;0;1;0;0;0
6213;A;A;Brenner;Udinese;0;0;0;0;0;0;0;0;0;0;0;0;0
6644;A;Pc;Rocha Livramento;Verona;0;0;0;0;0;0;0;0;0;0;0;0;0
6519;A;Pc;Camarda;Lecce;18;5,67;5,64;1;0;0;1;0;1;0;1;0;0
1842;A;A;Pierini;Sassuolo;4;6;5,88;0;0;0;0;0;0;0;1;0;0
5845;A;Pc;Alvarez A.;Sassuolo;0;0;0;0;0;0;0;0;0;0;0;0;0
7161;A;Pc;Bayo V.;Udinese;12;5,75;5,83;0;0;0;0;0;0;1;0;0;0
313;A;Pc;Morata;Como;17;5,5;5,21;0;0;0;1;0;1;0;2;1;0
7239;A;Pc;Braschi;Fiorentina;2;5,75;5,75;0;0;0;0;0;0;0;0;0;0
7264;A;Pc;Ambrosino;Napoli;1;5,5;5,5;0;0;0;0;0;0;0;0;0;0
6555;A;Pc;Moumbagna;Cremonese;5;5,6;5,6;0;0;0;0;0;0;0;0;0;0
7338;A;A;Albarracin;Cagliari;2;6;6;0;0;0;0;0;0;0;0;0;0
7381;A;Pc;Mikolajewski;Parma;1;6;6;0;0;0;0;0;0;0;0;0;0
7027;A;Pc;Azon;Como;0;0;0;0;0;0;0;0;0;0;0;0;0
6657;A;Pc;Gabrielloni;Como;0;0;0;0;0;0;0;0;0;0;0;0;0
7134;A;Pc;Nasti;Cremonese;0;0;0;0;0;0;0;0;0;0;0;0;0
2012;A;Pc;Milik;Juventus;2;6;6;0;0;0;0;0;0;0;0;0;0
7171;A;A;Buffon L.;Pisa;0;0;0;0;0;0;0;0;0;0;0;0;0
7152;A;Pc;Bonfanti N.;Pisa;0;0;0;0;0;0;0;0;0;0;0;0;0
7158;A;Pc;Moro L.;Sassuolo;6;5,58;5,5;0;0;0;0;0;0;0;1;0;0
7159;A;Pc;Skjellerup;Sassuolo;0;0;0;0;0;0;0;0;0;0;0;0;0
6635;A;Pc;Pizarro;Udinese;0;0;0;0;0;0;0;0;0;0;0;0;0
7183;A;A;Aboukhlal;Torino;11;5,77;5,64;0;0;0;0;0;0;0;4;0;0
7213;A;Pc;Frigan;Parma;0;0;0;0;0;0;0;0;0;0;0;0;0
2762;A;A;Kouamè;Fiorentina;1;6;6;0;0;0;0;0;0;0;0;0;0
7262;A;A;Balentien;Milan;0;0;0;0;0;0;0;0;0;0;0;0;0
7277;A;Pc;Arena A.;Roma;1;6;6;0;0;0;0;0;0;0;0;0;0
7309;A;Pc;Isaac;Verona;1;6;6;0;0;0;0;0;0;0;0;0;0
7317;A;Pc;Trepy;Cagliari;3;5,67;5,67;0;0;0;0;0;0;0;0;0;0
7368;A;Pc;Vermesan;Verona;1;6,5;6,5;0;0;0;0;0;0;0;0;0;0
7388;A;A;Mosconi;Inter;0;0;0;0;0;0;0;0;0;0;0;0;0